{
 "asm_contigs": 15499,
 "asm_esize": 486402.6324434893,
 "asm_max": 3336957,
 "asm_mean": 211957.9005742306,
 "asm_median": 130937,
 "asm_min": 14409,
 "asm_n50": 344565,
 "asm_n90": 98989,
 "asm_n95": 68840,
 "asm_ng50": 364227,
 "asm_ng90": 116332,
 "asm_ng95": 93204,
 "asm_total_bp": 3285135501
}
