{
 "asm_contigs": 12128,
 "asm_esize": 726342.0178058494,
 "asm_max": 4914624,
 "asm_mean": 280047.5773416887,
 "asm_median": 160421,
 "asm_min": 13062,
 "asm_n50": 503304,
 "asm_n90": 126255,
 "asm_n95": 87794,
 "asm_ng50": 580290,
 "asm_ng90": 202451,
 "asm_ng95": 169192,
 "asm_total_bp": 3396417018
}
